100126.jpg,7
1004418.jpg,7
1005510.jpg,7
1005664.jpg,7
1005975.jpg,7
1008545.jpg,7
1016593.jpg,7
1016596.jpg,7
1016598.jpg,7
1018292.jpg,7
1018294.jpg,7
1020658.jpg,7
1020662.jpg,7
1024520.jpg,7
1026311.jpg,7
1026621.jpg,7
1026624.jpg,7
1026625.jpg,7
1028583.jpg,7
1028588.jpg,7
1029563.jpg,7
1029643.jpg,7
1029723.jpg,7
1039144.jpg,7
1040840.jpg,7
1041067.jpg,7
1041727.jpg,7
1042217.jpg,7
1047921.jpg,7
1047926.jpg,7
1047981.jpg,7
1047982.jpg,7
1047983.jpg,7
1051095.jpg,7
1051096.jpg,7
1051097.jpg,7
1051098.jpg,7
1051430.jpg,7
1051431.jpg,7
1056439.jpg,7
1056445.jpg,7
1056448.jpg,7
1057008.jpg,7
1059238.jpg,7
1060528.jpg,7
1060734.jpg,7
1062205.jpg,7
1062206.jpg,7
1062207.jpg,7
1062208.jpg,7
1062607.jpg,7
1062608.jpg,7
1063505.jpg,7
1064278.jpg,7
1065816.jpg,7
1070262.jpg,7
1070712.jpg,7
1070713.jpg,7
1071595.jpg,7
1071926.jpg,7
1072882.jpg,7
1073142.jpg,7
1073841.jpg,7
1074376.jpg,7
1074377.jpg,7
1074378.jpg,7
1076911.jpg,7
1076912.jpg,7
1076913.jpg,7
1076921.jpg,7
1077533.jpg,7
1077563.jpg,7
1078900.jpg,7
1084896.jpg,7
1088077.jpg,7
1088079.jpg,7
1089843.jpg,7
1089844.jpg,7
1091599.jpg,7
1091600.jpg,7
1091845.jpg,7
1092247.jpg,7
1092477.jpg,7
1092478.jpg,7
1092743.jpg,7
1093093.jpg,7
1093097.jpg,7
1093678.jpg,7
1093683.jpg,7
1093687.jpg,7
1094077.jpg,7
1094126.jpg,7
1094144.jpg,7
1094157.jpg,7
1094297.jpg,7
1094302.jpg,7
1094342.jpg,7
1095255.jpg,7
1095256.jpg,7
1095257.jpg,7
1096048.jpg,7
1096383.jpg,7
1096384.jpg,7
1096799.jpg,7
1096800.jpg,7
1099253.jpg,7
1103248.jpg,7
1103249.jpg,7
1103250.jpg,7
1103254.jpg,7
1103256.jpg,7
1103257.jpg,7
1107862.jpg,7
1107869.jpg,7
1107872.jpg,7
1107874.jpg,7
1108194.jpg,7
1108845.jpg,7
1109705.jpg,7
1110333.jpg,7
1113701.jpg,7
1114060.jpg,7
1114062.jpg,7
1114319.jpg,7
1115092.jpg,7
1115093.jpg,7
1115439.jpg,7
1115440.jpg,7
1115442.jpg,7
1115444.jpg,7
1115820.jpg,7
1115821.jpg,7
1116359.jpg,7
1117410.jpg,7
1118574.jpg,7
1118963.jpg,7
1120280.jpg,7
1121907.jpg,7
1123374.jpg,7
1123379.jpg,7
1123851.jpg,7
1123855.jpg,7
1123856.jpg,7
1123861.jpg,7
1123868.jpg,7
1123875.jpg,7
1123876.jpg,7
1123915.jpg,7
1123916.jpg,7
1125405.jpg,7
1127086.jpg,7
1127403.jpg,7
1127555.jpg,7
1127556.jpg,7
1127557.jpg,7
1128002.jpg,7
1128488.jpg,7
1128490.jpg,7
1128493.jpg,7
1128675.jpg,7
1128975.jpg,7
1128976.jpg,7
1129103.jpg,7
1129236.jpg,7
1129239.jpg,7
1129240.jpg,7
1129241.jpg,7
1129978.jpg,7
1129979.jpg,7
1130160.jpg,7
1130167.jpg,7
1130170.jpg,7
1130171.jpg,7
1130172.jpg,7
1130963.jpg,7
1130964.jpg,7
1131215.jpg,7
1131557.jpg,7
1131558.jpg,7
1133178.jpg,7
1133179.jpg,7
1133479.jpg,7
1133480.jpg,7
1133484.jpg,7
1133488.jpg,7
1134549.jpg,7
1134888.jpg,7
1134890.jpg,7
1134893.jpg,7
1135269.jpg,7
1137749.jpg,7
1137889.jpg,7
1138349.jpg,7
1139055.jpg,7
1139077.jpg,7
1141835.jpg,7
1145151.jpg,7
1145152.jpg,7
1145153.jpg,7
1145168.jpg,7
1148637.jpg,7
1149650.jpg,7
1149651.jpg,7
1151303.jpg,7
1151309.jpg,7
1151374.jpg,7
1151396.jpg,7
1152424.jpg,7
1178205.jpg,7
1178206.jpg,7
1179949.jpg,7
1179956.jpg,7
1179958.jpg,7
1179961.jpg,7
1180427.jpg,7
1180428.jpg,7
1183427.jpg,7
1183588.jpg,7
1187481.jpg,7
1187482.jpg,7
1187484.jpg,7
1188269.jpg,7
1193899.jpg,7
1194017.jpg,7
1194018.jpg,7
1199328.jpg,7
1199329.jpg,7
1199955.jpg,7
1199956.jpg,7
1201212.jpg,7
1201377.jpg,7
1201378.jpg,7
1201379.jpg,7
1201517.jpg,7
1202670.jpg,7
1202671.jpg,7
1202672.jpg,7
1202673.jpg,7
1203049.jpg,7
1203117.jpg,7
1203302.jpg,7
1203304.jpg,7
1203436.jpg,7
1204161.jpg,7
1204511.jpg,7
1204513.jpg,7
1205395.jpg,7
1205649.jpg,7
1205650.jpg,7
1205996.jpg,7
1206135.jpg,7
1207313.jpg,7
1210844.jpg,7
1211481.jpg,7
1211926.jpg,7
1211929.jpg,7
1212868.jpg,7
1213612.jpg,7
1213613.jpg,7
1213614.jpg,7
1213615.jpg,7
1214055.jpg,7
1217022.jpg,7
1217291.jpg,7
1218295.jpg,7
1218484.jpg,7
1219275.jpg,7
1219276.jpg,7
1219526.jpg,7
1219553.jpg,7
1219848.jpg,7
1219874.jpg,7
1219879.jpg,7
1219898.jpg,7
1220537.jpg,7
1220697.jpg,7
1221090.jpg,7
1221460.jpg,7
1221462.jpg,7
1221463.jpg,7
1221464.jpg,7
1222453.jpg,7
1222454.jpg,7
1222456.jpg,7
1222457.jpg,7
1222814.jpg,7
1224401.jpg,7
1224599.jpg,7
1224601.jpg,7
1225804.jpg,7
1227020.jpg,7
1228122.jpg,7
1228125.jpg,7
1229701.jpg,7
1229717.jpg,7
1229719.jpg,7
1229939.jpg,7
1230476.jpg,7
1230595.jpg,7
1230600.jpg,7
1230604.jpg,7
1231081.jpg,7
1231587.jpg,7
1232269.jpg,7
1232270.jpg,7
1233810.jpg,7
1234669.jpg,7
1235091.jpg,7
1235097.jpg,7
1235098.jpg,7
1235168.jpg,7
1235169.jpg,7
1235936.jpg,7
1235937.jpg,7
1236448.jpg,7
1238631.jpg,7
1238632.jpg,7
1238809.jpg,7
1238810.jpg,7
1239027.jpg,7
1239304.jpg,7
1239310.jpg,7
1239420.jpg,7
1239550.jpg,7
1239551.jpg,7
1239552.jpg,7
1239639.jpg,7
1239643.jpg,7
1239782.jpg,7
1240039.jpg,7
1240566.jpg,7
1240567.jpg,7
1240723.jpg,7
1240863.jpg,7
1240897.jpg,7
1240905.jpg,7
1240906.jpg,7
1240908.jpg,7
1241546.jpg,7
1241547.jpg,7
1241548.jpg,7
1241549.jpg,7
1241592.jpg,7
1241939.jpg,7
1242425.jpg,7
1242426.jpg,7
1243227.jpg,7
1245540.jpg,7
1245598.jpg,7
1245778.jpg,7
1245958.jpg,7
1246047.jpg,7
1246224.jpg,7
1246888.jpg,7
1246891.jpg,7
1247075.jpg,7
1248340.jpg,7
1248816.jpg,7
1249280.jpg,7
1249881.jpg,7
1249941.jpg,7
1249943.jpg,7
1250887.jpg,7
1250961.jpg,7
1250962.jpg,7
1251048.jpg,7
1252209.jpg,7
1253062.jpg,7
1254895.jpg,7
1256092.jpg,7
1256570.jpg,7
1256571.jpg,7
1257153.jpg,7
1257979.jpg,7
1257980.jpg,7
1257981.jpg,7
1260228.jpg,7
1260446.jpg,7
1261952.jpg,7
1261953.jpg,7
1262217.jpg,7
1263312.jpg,7
1263477.jpg,7
1263480.jpg,7
1263896.jpg,7
1263897.jpg,7
1264548.jpg,7
1264754.jpg,7
1266037.jpg,7
1267422.jpg,7
1267431.jpg,7
1267433.jpg,7
1267434.jpg,7
1267776.jpg,7
1268243.jpg,7
1268438.jpg,7
1268575.jpg,7
1268576.jpg,7
1268709.jpg,7
1268710.jpg,7
1268712.jpg,7
1268771.jpg,7
1268900.jpg,7
1268931.jpg,7
1269449.jpg,7
1269495.jpg,7
1269546.jpg,7
1269549.jpg,7
1270715.jpg,7
1271308.jpg,7
1271311.jpg,7
1271312.jpg,7
1271313.jpg,7
1271674.jpg,7
1271729.jpg,7
1271730.jpg,7
1272187.jpg,7
1272373.jpg,7
1272375.jpg,7
1272579.jpg,7
1273206.jpg,7
1273227.jpg,7
1273271.jpg,7
1273294.jpg,7
1273330.jpg,7
1273394.jpg,7
1273397.jpg,7
1273951.jpg,7
1274111.jpg,7
1275793.jpg,7
1277280.jpg,7
1277315.jpg,7
1277318.jpg,7
1277373.jpg,7
1277374.jpg,7
1277375.jpg,7
1277906.jpg,7
1277908.jpg,7
1278805.jpg,7
1280574.jpg,7
1280580.jpg,7
1281124.jpg,7
1281163.jpg,7
1281178.jpg,7
1281642.jpg,7
1281714.jpg,7
1281721.jpg,7
1283225.jpg,7
1284066.jpg,7
1285095.jpg,7
1286669.jpg,7
1286670.jpg,7
1286671.jpg,7
1286672.jpg,7
1287407.jpg,7
1287409.jpg,7
1287749.jpg,7
1289060.jpg,7
1291056.jpg,7
1291611.jpg,7
1292613.jpg,7
1292661.jpg,7
1292662.jpg,7
1292884.jpg,7
1292886.jpg,7
1293197.jpg,7
1293847.jpg,7
1294415.jpg,7
1295051.jpg,7
1295327.jpg,7
1296188.jpg,7
1297519.jpg,7
1297520.jpg,7
1297521.jpg,7
1298586.jpg,7
1298603.jpg,7
1298604.jpg,7
1298612.jpg,7
1299460.jpg,7
1299789.jpg,7
1301145.jpg,7
1301149.jpg,7
1301152.jpg,7
1302148.jpg,7
1302306.jpg,7
1302773.jpg,7
1302789.jpg,7
1303110.jpg,7
1303112.jpg,7
1303137.jpg,7
1303927.jpg,7
1303931.jpg,7
1304265.jpg,7
1304270.jpg,7
1304740.jpg,7
1304741.jpg,7
1305163.jpg,7
1305478.jpg,7
1306100.jpg,7
1306167.jpg,7
1306173.jpg,7
1306177.jpg,7
1306284.jpg,7
1306291.jpg,7
1306388.jpg,7
1306962.jpg,7
1307837.jpg,7
1308091.jpg,7
1308092.jpg,7
1308093.jpg,7
1308094.jpg,7
1308330.jpg,7
1308335.jpg,7
1308413.jpg,7
1309066.jpg,7
1309569.jpg,7
1309570.jpg,7
1309573.jpg,7
1309590.jpg,7
1309591.jpg,7
1309773.jpg,7
1309774.jpg,7
1309791.jpg,7
1310077.jpg,7
1310087.jpg,7
1310350.jpg,7
1310351.jpg,7
1311327.jpg,7
1311524.jpg,7
1312300.jpg,7
1312302.jpg,7
1313690.jpg,7
1314438.jpg,7
1315012.jpg,7
1315015.jpg,7
1315018.jpg,7
1315020.jpg,7
1315021.jpg,7
1315300.jpg,7
1316507.jpg,7
1316509.jpg,7
1316511.jpg,7
1316513.jpg,7
1316515.jpg,7
1316517.jpg,7
1316806.jpg,7
1316914.jpg,7
1316916.jpg,7
1316919.jpg,7
1317940.jpg,7
1317943.jpg,7
1318132.jpg,7
1318142.jpg,7
1318145.jpg,7
1319788.jpg,7
132099.jpg,7
1321346.jpg,7
1323653.jpg,7
1324031.jpg,7
1324032.jpg,7
1324033.jpg,7
1324100.jpg,7
1324101.jpg,7
1324271.jpg,7
1324448.jpg,7
1324450.jpg,7
1325155.jpg,7
1326077.jpg,7
1327221.jpg,7
1327333.jpg,7
1327576.jpg,7
1328437.jpg,7
1328940.jpg,7
1328988.jpg,7
1329242.jpg,7
1329251.jpg,7
1329252.jpg,7
1329253.jpg,7
1329793.jpg,7
1329810.jpg,7
1329819.jpg,7
1330405.jpg,7
1330410.jpg,7
1330445.jpg,7
1330750.jpg,7
1330918.jpg,7
1331777.jpg,7
1332178.jpg,7
1332810.jpg,7
1334666.jpg,7
1334668.jpg,7
1334670.jpg,7
1335833.jpg,7
1336111.jpg,7
1336601.jpg,7
1338036.jpg,7
1338084.jpg,7
1338112.jpg,7
1338116.jpg,7
1339217.jpg,7
1339855.jpg,7
1340357.jpg,7
1341357.jpg,7
1341359.jpg,7
1341809.jpg,7
1342164.jpg,7
1342455.jpg,7
1344605.jpg,7
1345049.jpg,7
1346423.jpg,7
1346427.jpg,7
1346433.jpg,7
1346436.jpg,7
1346442.jpg,7
1347993.jpg,7
1348003.jpg,7
1348309.jpg,7
1348701.jpg,7
1349321.jpg,7
1349710.jpg,7
1350930.jpg,7
1350959.jpg,7
1350963.jpg,7
1352085.jpg,7
1352089.jpg,7
1352092.jpg,7
1352093.jpg,7
1352095.jpg,7
1352687.jpg,7
1355178.jpg,7
1358382.jpg,7
1358534.jpg,7
1359902.jpg,7
1360820.jpg,7
1360861.jpg,7
1360874.jpg,7
1360943.jpg,7
1360944.jpg,7
1361354.jpg,7
1361355.jpg,7
1363837.jpg,7
1364131.jpg,7
1366720.jpg,7
1366911.jpg,7
1371298.jpg,7
1371300.jpg,7
1371301.jpg,7
1372869.jpg,7
1372925.jpg,7
1373089.jpg,7
1375034.jpg,7
1377095.jpg,7
1377097.jpg,7
1377098.jpg,7
1377099.jpg,7
1378102.jpg,7
1378105.jpg,7
1378111.jpg,7
1380730.jpg,7
1381662.jpg,7
1381665.jpg,7
1381897.jpg,7
1382488.jpg,7
1382926.jpg,7
1383191.jpg,7
1383250.jpg,7
1386596.jpg,7
1387907.jpg,7
1387911.jpg,7
138865.jpg,7
138867.jpg,7
1389709.jpg,7
1389710.jpg,7
1389911.jpg,7
1389912.jpg,7
1389913.jpg,7
1389935.jpg,7
1389951.jpg,7
1391032.jpg,7
1391033.jpg,7
1392011.jpg,7
1392012.jpg,7
1392013.jpg,7
1392982.jpg,7
1393083.jpg,7
1393274.jpg,7
1393276.jpg,7
1393278.jpg,7
1393282.jpg,7
1393285.jpg,7
1393288.jpg,7
1393639.jpg,7
1393671.jpg,7
1394055.jpg,7
1394056.jpg,7
1394723.jpg,7
1395081.jpg,7
1395083.jpg,7
1395084.jpg,7
1396731.jpg,7
1396733.jpg,7
1396734.jpg,7
1397389.jpg,7
1397777.jpg,7
1397778.jpg,7
1397779.jpg,7
1397780.jpg,7
1397782.jpg,7
1398156.jpg,7
1400131.jpg,7
1400612.jpg,7
1400740.jpg,7
1401332.jpg,7
1401713.jpg,7
1401714.jpg,7
1401830.jpg,7
1402455.jpg,7
1402458.jpg,7
1402562.jpg,7
1403585.jpg,7
1403586.jpg,7
1403628.jpg,7
1403629.jpg,7
1404007.jpg,7
1404377.jpg,7
1404440.jpg,7
1404585.jpg,7
1404591.jpg,7
1404701.jpg,7
1404730.jpg,7
1404736.jpg,7
1404833.jpg,7
1404835.jpg,7
1405417.jpg,7
1406030.jpg,7
1406141.jpg,7
1406533.jpg,7
1406956.jpg,7
1407755.jpg,7
1407860.jpg,7
1408489.jpg,7
1408832.jpg,7
1408845.jpg,7
1408847.jpg,7
1408865.jpg,7
1408867.jpg,7
1409052.jpg,7
1409087.jpg,7
1409089.jpg,7
1409090.jpg,7
1409091.jpg,7
1409636.jpg,7
1409637.jpg,7
1410189.jpg,7
1410190.jpg,7
1410191.jpg,7
1410192.jpg,7
1410807.jpg,7
1411539.jpg,7
1411540.jpg,7
1411982.jpg,7
1412066.jpg,7
1412155.jpg,7
1412181.jpg,7
1412234.jpg,7
1412575.jpg,7
1412695.jpg,7
1413113.jpg,7
1413506.jpg,7
1413507.jpg,7
1413517.jpg,7
1414213.jpg,7
1414540.jpg,7
1414959.jpg,7
1415301.jpg,7
1417187.jpg,7
1417188.jpg,7
1417485.jpg,7
1417487.jpg,7
1417856.jpg,7
1417857.jpg,7
1418097.jpg,7
1418367.jpg,7
1418370.jpg,7
1418660.jpg,7
1418661.jpg,7
1419226.jpg,7
1419228.jpg,7
1420840.jpg,7
1420950.jpg,7
1421264.jpg,7
1421265.jpg,7
1421521.jpg,7
1421836.jpg,7
1422085.jpg,7
1422087.jpg,7
1422088.jpg,7
1422090.jpg,7
1422331.jpg,7
1422332.jpg,7
1424238.jpg,7
1424471.jpg,7
1424472.jpg,7
1424473.jpg,7
1424627.jpg,7
1425172.jpg,7
1425669.jpg,7
1425670.jpg,7
1425697.jpg,7
1425698.jpg,7
1425713.jpg,7
1426981.jpg,7
1427013.jpg,7
1427113.jpg,7
1427266.jpg,7
1427653.jpg,7
1427890.jpg,7
1428409.jpg,7
1429919.jpg,7
1430443.jpg,7
1430491.jpg,7
1431004.jpg,7
1432095.jpg,7
1432096.jpg,7
1432098.jpg,7
1433200.jpg,7
1433202.jpg,7
1433275.jpg,7
1433277.jpg,7
1433723.jpg,7
1433951.jpg,7
1434370.jpg,7
1434448.jpg,7
1435038.jpg,7
1435243.jpg,7
1435645.jpg,7
1436151.jpg,7
1436153.jpg,7
1437292.jpg,7
1438656.jpg,7
1438917.jpg,7
1440798.jpg,7
1440799.jpg,7
1440800.jpg,7
1440801.jpg,7
1441175.jpg,7
1441253.jpg,7
1441254.jpg,7
1441506.jpg,7
1441512.jpg,7
1441668.jpg,7
1441944.jpg,7
1442481.jpg,7
1442824.jpg,7
1442827.jpg,7
1443189.jpg,7
1443471.jpg,7
1443977.jpg,7
1443978.jpg,7
1444328.jpg,7
1444432.jpg,7
1445360.jpg,7
1445361.jpg,7
1445695.jpg,7
1445705.jpg,7
1445972.jpg,7
1445975.jpg,7
1446035.jpg,7
1446759.jpg,7
1447742.jpg,7
1447743.jpg,7
1447744.jpg,7
1448231.jpg,7
1449099.jpg,7
1449233.jpg,7
1449243.jpg,7
1450346.jpg,7
1450522.jpg,7
1450884.jpg,7
1450888.jpg,7
1450938.jpg,7
1451171.jpg,7
1451185.jpg,7
1451714.jpg,7
1452053.jpg,7
1452054.jpg,7
1452279.jpg,7
1452281.jpg,7
1453328.jpg,7
1453424.jpg,7
1453426.jpg,7
1453849.jpg,7
1453902.jpg,7
1453903.jpg,7
1453906.jpg,7
1454078.jpg,7
1454394.jpg,7
1454425.jpg,7
1454426.jpg,7
1454427.jpg,7
1454510.jpg,7
1454624.jpg,7
1454802.jpg,7
1454803.jpg,7
1454805.jpg,7
1454896.jpg,7
1455199.jpg,7
1455278.jpg,7
1456044.jpg,7
1456046.jpg,7
1456048.jpg,7
1456429.jpg,7
1456430.jpg,7
1457252.jpg,7
1457253.jpg,7
1458733.jpg,7
1458962.jpg,7
1459420.jpg,7
1459425.jpg,7
1459456.jpg,7
1460131.jpg,7
1460793.jpg,7
1460967.jpg,7
1460968.jpg,7
1461181.jpg,7
1461241.jpg,7
1461242.jpg,7
1461330.jpg,7
1461331.jpg,7
1463216.jpg,7
1463385.jpg,7
1463394.jpg,7
1463396.jpg,7
1463399.jpg,7
1463402.jpg,7
1463403.jpg,7
1463405.jpg,7
1463558.jpg,7
1463559.jpg,7
1463602.jpg,7
1463608.jpg,7
1463977.jpg,7
1464060.jpg,7
1464447.jpg,7
1464761.jpg,7
1465269.jpg,7
1466551.jpg,7
1467868.jpg,7
1467869.jpg,7
146808.jpg,7
1468880.jpg,7
1469021.jpg,7
1469399.jpg,7
1469635.jpg,7
1469638.jpg,7
1471124.jpg,7
1471593.jpg,7
1473103.jpg,7
1473342.jpg,7
1473346.jpg,7
1474111.jpg,7
1474648.jpg,7
1474650.jpg,7
1474653.jpg,7
1474698.jpg,7
1474787.jpg,7
1474951.jpg,7
1474973.jpg,7
1475531.jpg,7
1475884.jpg,7
1478755.jpg,7
1479132.jpg,7
1479511.jpg,7
1479516.jpg,7
1479789.jpg,7
1479790.jpg,7
1479791.jpg,7
1479812.jpg,7
1480411.jpg,7
1480509.jpg,7
1480683.jpg,7
1480701.jpg,7
1480852.jpg,7
1480853.jpg,7
1482310.jpg,7
1482875.jpg,7
1482877.jpg,7
1482878.jpg,7
1482899.jpg,7
1484160.jpg,7
1484161.jpg,7
1484275.jpg,7
1486955.jpg,7
1488096.jpg,7
1488537.jpg,7
1488597.jpg,7
1488814.jpg,7
1490568.jpg,7
1490652.jpg,7
1491219.jpg,7
1493263.jpg,7
1493315.jpg,7
1493318.jpg,7
1493321.jpg,7
1493329.jpg,7
1493331.jpg,7
1493337.jpg,7
1494085.jpg,7
1495056.jpg,7
1495200.jpg,7
1495201.jpg,7
1496581.jpg,7
1496601.jpg,7
1497642.jpg,7
1497646.jpg,7
1498561.jpg,7
1498735.jpg,7
1499053.jpg,7
1499056.jpg,7
1499060.jpg,7
1499140.jpg,7
1499141.jpg,7
1499142.jpg,7
1499143.jpg,7
1500115.jpg,7
1501646.jpg,7
1502275.jpg,7
1503475.jpg,7
1504049.jpg,7
1504050.jpg,7
1504052.jpg,7
1504054.jpg,7
1504103.jpg,7
1504104.jpg,7
1504192.jpg,7
1504284.jpg,7
1504285.jpg,7
1504646.jpg,7
1504732.jpg,7
1504734.jpg,7
1505522.jpg,7
1505523.jpg,7
1505525.jpg,7
1505540.jpg,7
1506071.jpg,7
1506072.jpg,7
1506786.jpg,7
1506874.jpg,7
1506992.jpg,7
1507420.jpg,7
1507422.jpg,7
1507683.jpg,7
1507686.jpg,7
1507776.jpg,7
1507777.jpg,7
1507888.jpg,7
1507890.jpg,7
1507899.jpg,7
1508344.jpg,7
1508495.jpg,7
1508498.jpg,7
1508850.jpg,7
1509565.jpg,7
1509570.jpg,7
1509722.jpg,7
1509881.jpg,7
1510575.jpg,7
1510903.jpg,7
1510908.jpg,7
1511404.jpg,7
1511913.jpg,7
1511915.jpg,7
1511918.jpg,7
1511938.jpg,7
1513029.jpg,7
1513031.jpg,7
1513196.jpg,7
1513202.jpg,7
1513215.jpg,7
1513353.jpg,7
1513357.jpg,7
1513358.jpg,7
1513359.jpg,7
1513559.jpg,7
1513986.jpg,7
1513987.jpg,7
1513989.jpg,7
1513990.jpg,7
1514198.jpg,7
1514240.jpg,7
1514242.jpg,7
1514244.jpg,7
1514245.jpg,7
1514246.jpg,7
1515806.jpg,7
1516547.jpg,7
1516549.jpg,7
1516560.jpg,7
1516562.jpg,7
1516791.jpg,7
1517131.jpg,7
1517133.jpg,7
1517208.jpg,7
1517243.jpg,7
1517996.jpg,7
1517997.jpg,7
1518387.jpg,7
1518388.jpg,7
1518394.jpg,7
1519150.jpg,7
1519528.jpg,7
1520351.jpg,7
1520529.jpg,7
1520625.jpg,7
1520626.jpg,7
1520800.jpg,7
1521371.jpg,7
1521885.jpg,7
1522092.jpg,7
1522095.jpg,7
1522096.jpg,7
1522440.jpg,7
1522441.jpg,7
1522442.jpg,7
1522625.jpg,7
1522628.jpg,7
1524095.jpg,7
1524097.jpg,7
1524099.jpg,7
1524100.jpg,7
1524450.jpg,7
1524675.jpg,7
1525417.jpg,7
1525557.jpg,7
1526180.jpg,7
1526380.jpg,7
1526888.jpg,7
1528070.jpg,7
1528075.jpg,7
1528285.jpg,7
1529044.jpg,7
1529045.jpg,7
1530308.jpg,7
1530619.jpg,7
1530622.jpg,7
1530676.jpg,7
1531553.jpg,7
1533534.jpg,7
1533535.jpg,7
1533536.jpg,7
1533537.jpg,7
1533910.jpg,7
1534452.jpg,7
1534453.jpg,7
1534684.jpg,7
1534685.jpg,7
1535615.jpg,7
1536466.jpg,7
1536471.jpg,7
1536474.jpg,7
1536478.jpg,7
1536480.jpg,7
1536483.jpg,7
1536485.jpg,7
1536490.jpg,7
1536524.jpg,7
1536526.jpg,7
1536527.jpg,7
1536685.jpg,7
1537042.jpg,7
1537060.jpg,7
1538161.jpg,7
1538195.jpg,7
1538453.jpg,7
1538456.jpg,7
1538731.jpg,7
1540183.jpg,7
1540200.jpg,7
1541391.jpg,7
1541613.jpg,7
1541614.jpg,7
1541748.jpg,7
1541754.jpg,7
1541755.jpg,7
1541768.jpg,7
1541769.jpg,7
1541770.jpg,7
1541771.jpg,7
1542492.jpg,7
1543066.jpg,7
1543067.jpg,7
1544444.jpg,7
1544447.jpg,7
1544449.jpg,7
1545968.jpg,7
1546319.jpg,7
1546365.jpg,7
1546824.jpg,7
1546825.jpg,7
1546826.jpg,7
1547170.jpg,7
1547288.jpg,7
1547529.jpg,7
1547530.jpg,7
1548402.jpg,7
1548516.jpg,7
1549654.jpg,7
1549677.jpg,7
1549678.jpg,7
1549842.jpg,7
1551154.jpg,7
1551703.jpg,7
1553010.jpg,7
1553011.jpg,7
1554113.jpg,7
1554203.jpg,7
1554571.jpg,7
1555351.jpg,7
1556263.jpg,7
1556350.jpg,7
1556769.jpg,7
1556771.jpg,7
1556806.jpg,7
1556809.jpg,7
1556849.jpg,7
1557114.jpg,7
1557300.jpg,7
1557711.jpg,7
1558202.jpg,7
1558203.jpg,7
1558618.jpg,7
1559535.jpg,7
1559540.jpg,7
1560168.jpg,7
1560733.jpg,7
1560842.jpg,7
1560939.jpg,7
1562498.jpg,7
1562595.jpg,7
1562994.jpg,7
1562995.jpg,7
1564966.jpg,7
1565146.jpg,7
1565147.jpg,7
1565148.jpg,7
1567488.jpg,7
1567701.jpg,7
1567702.jpg,7
1568414.jpg,7
1568681.jpg,7
1568682.jpg,7
1568683.jpg,7
1568814.jpg,7
1568816.jpg,7
1569362.jpg,7
1569797.jpg,7
1569927.jpg,7
1569936.jpg,7
1569939.jpg,7
1571175.jpg,7
1571277.jpg,7
1571382.jpg,7
1571937.jpg,7
1572306.jpg,7
1573449.jpg,7
1574381.jpg,7
1574860.jpg,7
1574862.jpg,7
1574891.jpg,7
1574893.jpg,7
1575387.jpg,7
1575388.jpg,7
1576150.jpg,7
1576156.jpg,7
1576914.jpg,7
208542.jpg,7
217461.jpg,7
217462.jpg,7
217464.jpg,7
217465.jpg,7
217866.jpg,7
217867.jpg,7
217871.jpg,7
661947.jpg,7
661949.jpg,7
661951.jpg,7
668244.jpg,7
685145.jpg,7
685149.jpg,7
685153.jpg,7
686835.jpg,7
687653.jpg,7
688131.jpg,7
690590.jpg,7
694228.jpg,7
697573.jpg,7
705834.jpg,7
705836.jpg,7
716251.jpg,7
717368.jpg,7
724408.jpg,7
724410.jpg,7
724547.jpg,7
724548.jpg,7
725125.jpg,7
725127.jpg,7
725201.jpg,7
725202.jpg,7
725398.jpg,7
728374.jpg,7
728376.jpg,7
730801.jpg,7
730802.jpg,7
730803.jpg,7
730805.jpg,7
736151.jpg,7
740145.jpg,7
740687.jpg,7
742966.jpg,7
742967.jpg,7
742968.jpg,7
742970.jpg,7
746992.jpg,7
765821.jpg,7
768189.jpg,7
774140.jpg,7
776707.jpg,7
799818.jpg,7
799821.jpg,7
801218.jpg,7
802060.jpg,7
803406.jpg,7
803992.jpg,7
805210.jpg,7
807925.jpg,7
810842.jpg,7
811751.jpg,7
816189.jpg,7
817209.jpg,7
817210.jpg,7
818222.jpg,7
818223.jpg,7
818224.jpg,7
818226.jpg,7
818675.jpg,7
818901.jpg,7
818905.jpg,7
818916.jpg,7
818918.jpg,7
818919.jpg,7
821501.jpg,7
824056.jpg,7
824124.jpg,7
824131.jpg,7
824135.jpg,7
824139.jpg,7
824241.jpg,7
825372.jpg,7
825377.jpg,7
825379.jpg,7
827175.jpg,7
827176.jpg,7
827285.jpg,7
833842.jpg,7
833978.jpg,7
835952.jpg,7
836563.jpg,7
841300.jpg,7
857092.jpg,7
857093.jpg,7
861266.jpg,7
861885.jpg,7
861889.jpg,7
862149.jpg,7
862155.jpg,7
862159.jpg,7
862164.jpg,7
862171.jpg,7
862793.jpg,7
874384.jpg,7
874386.jpg,7
874388.jpg,7
874389.jpg,7
877036.jpg,7
882759.jpg,7
882760.jpg,7
883410.jpg,7
883416.jpg,7
883418.jpg,7
886135.jpg,7
886136.jpg,7
886140.jpg,7
887672.jpg,7
892860.jpg,7
892863.jpg,7
892874.jpg,7
897869.jpg,7
902439.jpg,7
902469.jpg,7
902486.jpg,7
902487.jpg,7
902488.jpg,7
902489.jpg,7
902862.jpg,7
903419.jpg,7
903426.jpg,7
903615.jpg,7
904162.jpg,7
904755.jpg,7
906262.jpg,7
906267.jpg,7
912465.jpg,7
912485.jpg,7
912588.jpg,7
912590.jpg,7
912646.jpg,7
912789.jpg,7
913213.jpg,7
913222.jpg,7
913229.jpg,7
916221.jpg,7
916223.jpg,7
919703.jpg,7
923861.jpg,7
924754.jpg,7
924756.jpg,7
924757.jpg,7
924758.jpg,7
926305.jpg,7
926318.jpg,7
929909.jpg,7
930251.jpg,7
930257.jpg,7
933212.jpg,7
933216.jpg,7
933510.jpg,7
933512.jpg,7
933696.jpg,7
933703.jpg,7
935790.jpg,7
935793.jpg,7
935795.jpg,7
935798.jpg,7
936165.jpg,7
938534.jpg,7
939557.jpg,7
940824.jpg,7
944774.jpg,7
944776.jpg,7
948060.jpg,7
948061.jpg,7
948062.jpg,7
948064.jpg,7
950634.jpg,7
952272.jpg,7
952273.jpg,7
952333.jpg,7
953543.jpg,7
955407.jpg,7
963299.jpg,7
963300.jpg,7
963302.jpg,7
963305.jpg,7
964087.jpg,7
964102.jpg,7
964111.jpg,7
974311.jpg,7
975632.jpg,7
975633.jpg,7
975664.jpg,7
981158.jpg,7
981160.jpg,7
981161.jpg,7
981210.jpg,7
981211.jpg,7
982017.jpg,7
982745.jpg,7
982746.jpg,7
982747.jpg,7
982748.jpg,7
983501.jpg,7
983502.jpg,7
983503.jpg,7
983504.jpg,7
984188.jpg,7
984799.jpg,7
984800.jpg,7
984801.jpg,7
984802.jpg,7
987631.jpg,7
987921.jpg,7
987937.jpg,7
987941.jpg,7
987944.jpg,7
990691.jpg,7
990692.jpg,7
990694.jpg,7
990758.jpg,7
990760.jpg,7
990763.jpg,7
990765.jpg,7
990767.jpg,7
990768.jpg,7
990772.jpg,7
992847.jpg,7
994575.jpg,7
994823.jpg,7
994825.jpg,7
995842.jpg,7
995843.jpg,7
995844.jpg,7
995845.jpg,7
