1000055.jpg,10
1000276.jpg,10
1000756.jpg,10
100096.jpg,10
1001469.jpg,10
1001735.jpg,10
1002902.jpg,10
1003148.jpg,10
1003149.jpg,10
1003151.jpg,10
1004136.jpg,10
1004137.jpg,10
1004740.jpg,10
1005148.jpg,10
1005149.jpg,10
1006902.jpg,10
1006903.jpg,10
1006904.jpg,10
1006922.jpg,10
100718.jpg,10
10076.jpg,10
1008112.jpg,10
1009371.jpg,10
1010730.jpg,10
1011046.jpg,10
101736.jpg,10
10173.jpg,10
1019261.jpg,10
1019272.jpg,10
1019407.jpg,10
1019410.jpg,10
1019721.jpg,10
1020261.jpg,10
1020262.jpg,10
1020263.jpg,10
1020264.jpg,10
1020304.jpg,10
1021804.jpg,10
1022424.jpg,10
1022425.jpg,10
1023570.jpg,10
1024663.jpg,10
1025731.jpg,10
1026095.jpg,10
1026096.jpg,10
1026248.jpg,10
1026251.jpg,10
1026840.jpg,10
1026842.jpg,10
1026844.jpg,10
1027308.jpg,10
1027313.jpg,10
1027598.jpg,10
1027599.jpg,10
1029273.jpg,10
1029784.jpg,10
1031009.jpg,10
1031602.jpg,10
1032092.jpg,10
1032353.jpg,10
1032521.jpg,10
1032522.jpg,10
1032523.jpg,10
1033371.jpg,10
1033373.jpg,10
1034098.jpg,10
1034101.jpg,10
1034361.jpg,10
1036248.jpg,10
1036463.jpg,10
1036465.jpg,10
1036466.jpg,10
1036467.jpg,10
1036469.jpg,10
1036470.jpg,10
1037031.jpg,10
1037456.jpg,10
1037457.jpg,10
1038879.jpg,10
103949.jpg,10
1040974.jpg,10
1042133.jpg,10
1042135.jpg,10
1042138.jpg,10
1042261.jpg,10
1042419.jpg,10
1042508.jpg,10
1048947.jpg,10
1050449.jpg,10
1052531.jpg,10
1052532.jpg,10
1053871.jpg,10
1054717.jpg,10
1055001.jpg,10
1055415.jpg,10
1055416.jpg,10
1055417.jpg,10
1055912.jpg,10
1055970.jpg,10
1056236.jpg,10
1056933.jpg,10
1056934.jpg,10
1057083.jpg,10
1058026.jpg,10
1058028.jpg,10
1058030.jpg,10
1058636.jpg,10
1059843.jpg,10
1059844.jpg,10
1059845.jpg,10
1059846.jpg,10
1060850.jpg,10
1061123.jpg,10
1061297.jpg,10
1061979.jpg,10
1062052.jpg,10
1062877.jpg,10
1063118.jpg,10
1063128.jpg,10
1063144.jpg,10
1063157.jpg,10
1063159.jpg,10
1063518.jpg,10
1064478.jpg,10
1064486.jpg,10
1065473.jpg,10
1065481.jpg,10
1065491.jpg,10
1065497.jpg,10
1065503.jpg,10
1065754.jpg,10
1065755.jpg,10
1065757.jpg,10
1065758.jpg,10
1065857.jpg,10
1065858.jpg,10
1066251.jpg,10
1066355.jpg,10
1067096.jpg,10
1067482.jpg,10
1067487.jpg,10
106760.jpg,10
1068020.jpg,10
1068021.jpg,10
1068022.jpg,10
1068023.jpg,10
1068024.jpg,10
1068025.jpg,10
1068494.jpg,10
1068498.jpg,10
1068499.jpg,10
1068720.jpg,10
1068721.jpg,10
1069282.jpg,10
1069283.jpg,10
1069571.jpg,10
1069572.jpg,10
1070136.jpg,10
1070812.jpg,10
1071392.jpg,10
1071396.jpg,10
1071948.jpg,10
1073221.jpg,10
10752.jpg,10
1075450.jpg,10
1076428.jpg,10
1076731.jpg,10
1076920.jpg,10
1077047.jpg,10
1077048.jpg,10
1077529.jpg,10
1077531.jpg,10
1077535.jpg,10
1078660.jpg,10
1078837.jpg,10
1079079.jpg,10
10863.jpg,10
108658.jpg,10
108919.jpg,10
109408.jpg,10
10948.jpg,10
11215.jpg,10
112905.jpg,10
114081.jpg,10
117125.jpg,10
118255.jpg,10
118256.jpg,10
118257.jpg,10
12011.jpg,10
120306.jpg,10
121198.jpg,10
121201.jpg,10
121371.jpg,10
122945.jpg,10
12319.jpg,10
123535.jpg,10
12379.jpg,10
125846.jpg,10
125847.jpg,10
125849.jpg,10
12611.jpg,10
128239.jpg,10
130346.jpg,10
130682.jpg,10
131407.jpg,10
137384.jpg,10
139615.jpg,10
141544.jpg,10
144347.jpg,10
145397.jpg,10
145399.jpg,10
145707.jpg,10
145720.jpg,10
145738.jpg,10
145739.jpg,10
146901.jpg,10
146903.jpg,10
147777.jpg,10
148162.jpg,10
150205.jpg,10
151334.jpg,10
15193.jpg,10
154183.jpg,10
154348.jpg,10
154351.jpg,10
156320.jpg,10
15928.jpg,10
15936.jpg,10
160118.jpg,10
16071.jpg,10
164272.jpg,10
164275.jpg,10
167526.jpg,10
167527.jpg,10
167534.jpg,10
169192.jpg,10
169194.jpg,10
169200.jpg,10
17013.jpg,10
17143.jpg,10
174487.jpg,10
17869.jpg,10
17870.jpg,10
17871.jpg,10
182283.jpg,10
182288.jpg,10
182296.jpg,10
182306.jpg,10
183982.jpg,10
184290.jpg,10
185567.jpg,10
185572.jpg,10
186188.jpg,10
188317.jpg,10
188319.jpg,10
189622.jpg,10
19178.jpg,10
196125.jpg,10
196205.jpg,10
197045.jpg,10
198386.jpg,10
200789.jpg,10
200792.jpg,10
201040.jpg,10
201447.jpg,10
20250.jpg,10
203239.jpg,10
20526.jpg,10
206537.jpg,10
207217.jpg,10
207219.jpg,10
207268.jpg,10
20859.jpg,10
208771.jpg,10
208895.jpg,10
209203.jpg,10
20985.jpg,10
210127.jpg,10
211758.jpg,10
214261.jpg,10
215202.jpg,10
215384.jpg,10
217818.jpg,10
217877.jpg,10
217879.jpg,10
218250.jpg,10
21849.jpg,10
21854.jpg,10
21932.jpg,10
219718.jpg,10
224679.jpg,10
225269.jpg,10
22675.jpg,10
227775.jpg,10
228198.jpg,10
228780.jpg,10
229882.jpg,10
231161.jpg,10
231909.jpg,10
231911.jpg,10
233303.jpg,10
234425.jpg,10
234426.jpg,10
234876.jpg,10
234877.jpg,10
235168.jpg,10
235218.jpg,10
235219.jpg,10
237446.jpg,10
237447.jpg,10
23794.jpg,10
23960.jpg,10
241548.jpg,10
243423.jpg,10
243426.jpg,10
244627.jpg,10
248544.jpg,10
249328.jpg,10
249532.jpg,10
249584.jpg,10
250631.jpg,10
250632.jpg,10
250633.jpg,10
250635.jpg,10
250636.jpg,10
250731.jpg,10
251017.jpg,10
252177.jpg,10
25461.jpg,10
255649.jpg,10
255652.jpg,10
257439.jpg,10
257441.jpg,10
258531.jpg,10
258537.jpg,10
262094.jpg,10
262465.jpg,10
26265.jpg,10
263714.jpg,10
264517.jpg,10
265837.jpg,10
266680.jpg,10
266714.jpg,10
266715.jpg,10
267781.jpg,10
267932.jpg,10
267933.jpg,10
267947.jpg,10
268166.jpg,10
268167.jpg,10
268376.jpg,10
269631.jpg,10
269634.jpg,10
27070.jpg,10
271205.jpg,10
271227.jpg,10
271894.jpg,10
272279.jpg,10
272600.jpg,10
27275.jpg,10
27279.jpg,10
27280.jpg,10
272947.jpg,10
273193.jpg,10
273196.jpg,10
27326.jpg,10
273886.jpg,10
273892.jpg,10
274300.jpg,10
274304.jpg,10
274305.jpg,10
274774.jpg,10
275974.jpg,10
280004.jpg,10
281712.jpg,10
281715.jpg,10
282252.jpg,10
282349.jpg,10
282984.jpg,10
283111.jpg,10
283705.jpg,10
285686.jpg,10
289034.jpg,10
29262.jpg,10
29263.jpg,10
29328.jpg,10
297261.jpg,10
297458.jpg,10
297761.jpg,10
298159.jpg,10
298169.jpg,10
299395.jpg,10
299396.jpg,10
300139.jpg,10
301226.jpg,10
301230.jpg,10
301472.jpg,10
303993.jpg,10
30822.jpg,10
309059.jpg,10
309064.jpg,10
309780.jpg,10
309790.jpg,10
312217.jpg,10
312218.jpg,10
313162.jpg,10
313213.jpg,10
313797.jpg,10
314057.jpg,10
315106.jpg,10
315129.jpg,10
315133.jpg,10
316015.jpg,10
316038.jpg,10
316077.jpg,10
319001.jpg,10
319045.jpg,10
319047.jpg,10
319050.jpg,10
319095.jpg,10
320302.jpg,10
320319.jpg,10
323791.jpg,10
32513.jpg,10
327378.jpg,10
327379.jpg,10
328012.jpg,10
328015.jpg,10
328087.jpg,10
32897.jpg,10
329443.jpg,10
330220.jpg,10
330225.jpg,10
330228.jpg,10
330326.jpg,10
330330.jpg,10
330332.jpg,10
330335.jpg,10
331571.jpg,10
33236.jpg,10
332468.jpg,10
333.jpg,10
334859.jpg,10
335458.jpg,10
335462.jpg,10
335463.jpg,10
336839.jpg,10
338146.jpg,10
338929.jpg,10
338930.jpg,10
338932.jpg,10
338934.jpg,10
339637.jpg,10
340519.jpg,10
341002.jpg,10
341008.jpg,10
341187.jpg,10
341188.jpg,10
341189.jpg,10
34476.jpg,10
345409.jpg,10
345410.jpg,10
345761.jpg,10
346296.jpg,10
34644.jpg,10
34645.jpg,10
346845.jpg,10
347147.jpg,10
347689.jpg,10
347692.jpg,10
347697.jpg,10
34776.jpg,10
349397.jpg,10
349401.jpg,10
349999.jpg,10
350002.jpg,10
350005.jpg,10
350732.jpg,10
35085.jpg,10
351554.jpg,10
351555.jpg,10
351556.jpg,10
352387.jpg,10
352692.jpg,10
353604.jpg,10
354154.jpg,10
354163.jpg,10
354166.jpg,10
354172.jpg,10
354321.jpg,10
354486.jpg,10
357625.jpg,10
358021.jpg,10
35870.jpg,10
358981.jpg,10
359124.jpg,10
359127.jpg,10
359128.jpg,10
359432.jpg,10
359476.jpg,10
360410.jpg,10
360628.jpg,10
36071.jpg,10
360818.jpg,10
360901.jpg,10
361437.jpg,10
361438.jpg,10
362403.jpg,10
364619.jpg,10
366323.jpg,10
366328.jpg,10
366337.jpg,10
367100.jpg,10
367108.jpg,10
367708.jpg,10
367713.jpg,10
368095.jpg,10
36870.jpg,10
370288.jpg,10
370530.jpg,10
372356.jpg,10
372369.jpg,10
373215.jpg,10
373220.jpg,10
373322.jpg,10
373323.jpg,10
37337.jpg,10
373764.jpg,10
373932.jpg,10
373962.jpg,10
373964.jpg,10
374227.jpg,10
375822.jpg,10
376165.jpg,10
376196.jpg,10
376206.jpg,10
376207.jpg,10
378169.jpg,10
378411.jpg,10
378518.jpg,10
378930.jpg,10
379047.jpg,10
379049.jpg,10
379960.jpg,10
380380.jpg,10
382167.jpg,10
383732.jpg,10
387948.jpg,10
388617.jpg,10
38878.jpg,10
389223.jpg,10
390021.jpg,10
390754.jpg,10
391191.jpg,10
391885.jpg,10
392266.jpg,10
392583.jpg,10
393505.jpg,10
393514.jpg,10
394179.jpg,10
394389.jpg,10
394925.jpg,10
394926.jpg,10
396389.jpg,10
396396.jpg,10
396397.jpg,10
398390.jpg,10
400004.jpg,10
400005.jpg,10
401522.jpg,10
401524.jpg,10
404069.jpg,10
404875.jpg,10
405005.jpg,10
407791.jpg,10
407908.jpg,10
407915.jpg,10
408935.jpg,10
408936.jpg,10
409029.jpg,10
410030.jpg,10
410039.jpg,10
410676.jpg,10
411521.jpg,10
411523.jpg,10
412219.jpg,10
412221.jpg,10
412485.jpg,10
412686.jpg,10
412688.jpg,10
416014.jpg,10
416404.jpg,10
417510.jpg,10
417535.jpg,10
419658.jpg,10
419660.jpg,10
419662.jpg,10
421706.jpg,10
42543.jpg,10
426626.jpg,10
42877.jpg,10
429015.jpg,10
430154.jpg,10
43056.jpg,10
43080.jpg,10
431434.jpg,10
435123.jpg,10
435143.jpg,10
436131.jpg,10
436139.jpg,10
43981.jpg,10
440401.jpg,10
440402.jpg,10
440403.jpg,10
440404.jpg,10
440468.jpg,10
440516.jpg,10
440517.jpg,10
440519.jpg,10
440814.jpg,10
440866.jpg,10
441112.jpg,10
441113.jpg,10
444795.jpg,10
444838.jpg,10
444839.jpg,10
444840.jpg,10
446530.jpg,10
446533.jpg,10
446535.jpg,10
447377.jpg,10
447453.jpg,10
447772.jpg,10
447777.jpg,10
447889.jpg,10
447891.jpg,10
447894.jpg,10
447896.jpg,10
447978.jpg,10
447985.jpg,10
448057.jpg,10
448060.jpg,10
448083.jpg,10
448090.jpg,10
448159.jpg,10
44815.jpg,10
44817.jpg,10
448184.jpg,10
44840.jpg,10
448445.jpg,10
448446.jpg,10
448448.jpg,10
450891.jpg,10
451174.jpg,10
451175.jpg,10
45163.jpg,10
451952.jpg,10
452927.jpg,10
453500.jpg,10
453501.jpg,10
453965.jpg,10
454258.jpg,10
454260.jpg,10
454465.jpg,10
45680.jpg,10
457044.jpg,10
459007.jpg,10
459012.jpg,10
459018.jpg,10
461625.jpg,10
463642.jpg,10
464694.jpg,10
464695.jpg,10
465431.jpg,10
465455.jpg,10
466679.jpg,10
466684.jpg,10
466686.jpg,10
466693.jpg,10
467553.jpg,10
468246.jpg,10
468266.jpg,10
468682.jpg,10
469256.jpg,10
469258.jpg,10
469309.jpg,10
469343.jpg,10
469407.jpg,10
469913.jpg,10
469914.jpg,10
470565.jpg,10
471045.jpg,10
471476.jpg,10
471477.jpg,10
471643.jpg,10
473704.jpg,10
473705.jpg,10
473706.jpg,10
474583.jpg,10
475124.jpg,10
475758.jpg,10
476205.jpg,10
476207.jpg,10
476208.jpg,10
476213.jpg,10
476216.jpg,10
476658.jpg,10
476875.jpg,10
47902.jpg,10
479068.jpg,10
479069.jpg,10
48373.jpg,10
484648.jpg,10
485441.jpg,10
487566.jpg,10
492367.jpg,10
492369.jpg,10
49309.jpg,10
493886.jpg,10
494538.jpg,10
494771.jpg,10
49559.jpg,10
49561.jpg,10
496265.jpg,10
496268.jpg,10
496807.jpg,10
496814.jpg,10
496819.jpg,10
497612.jpg,10
497613.jpg,10
499525.jpg,10
499527.jpg,10
49959.jpg,10
50178.jpg,10
5041.jpg,10
505673.jpg,10
5064.jpg,10
507895.jpg,10
51430.jpg,10
521978.jpg,10
522429.jpg,10
522797.jpg,10
522800.jpg,10
52401.jpg,10
524985.jpg,10
52535.jpg,10
528086.jpg,10
529401.jpg,10
52993.jpg,10
534327.jpg,10
534330.jpg,10
534399.jpg,10
537294.jpg,10
537299.jpg,10
537490.jpg,10
550701.jpg,10
55079.jpg,10
551559.jpg,10
552027.jpg,10
552029.jpg,10
552032.jpg,10
554114.jpg,10
554115.jpg,10
554116.jpg,10
558709.jpg,10
558710.jpg,10
558886.jpg,10
562346.jpg,10
562445.jpg,10
564834.jpg,10
5657.jpg,10
568669.jpg,10
568671.jpg,10
569729.jpg,10
570911.jpg,10
570915.jpg,10
570921.jpg,10
57505.jpg,10
57634.jpg,10
577998.jpg,10
579934.jpg,10
581794.jpg,10
58662.jpg,10
5897.jpg,10
5898.jpg,10
5899.jpg,10
5900.jpg,10
594395.jpg,10
595612.jpg,10
601364.jpg,10
601391.jpg,10
604774.jpg,10
609600.jpg,10
609679.jpg,10
609680.jpg,10
609681.jpg,10
617798.jpg,10
62582.jpg,10
627574.jpg,10
6281.jpg,10
631063.jpg,10
631064.jpg,10
63442.jpg,10
63443.jpg,10
63541.jpg,10
640426.jpg,10
640431.jpg,10
640434.jpg,10
640441.jpg,10
640442.jpg,10
640722.jpg,10
641058.jpg,10
641659.jpg,10
641661.jpg,10
641662.jpg,10
641663.jpg,10
642872.jpg,10
642875.jpg,10
643342.jpg,10
643719.jpg,10
648835.jpg,10
650915.jpg,10
650916.jpg,10
651892.jpg,10
651894.jpg,10
651895.jpg,10
654640.jpg,10
654941.jpg,10
654946.jpg,10
65770.jpg,10
65771.jpg,10
658412.jpg,10
658466.jpg,10
658813.jpg,10
658864.jpg,10
658975.jpg,10
658977.jpg,10
659702.jpg,10
660747.jpg,10
66230.jpg,10
66235.jpg,10
662392.jpg,10
662393.jpg,10
662395.jpg,10
662396.jpg,10
662397.jpg,10
662399.jpg,10
664137.jpg,10
664891.jpg,10
665821.jpg,10
665822.jpg,10
665823.jpg,10
666874.jpg,10
666875.jpg,10
668128.jpg,10
671367.jpg,10
67401.jpg,10
675138.jpg,10
675141.jpg,10
675162.jpg,10
675378.jpg,10
675502.jpg,10
676636.jpg,10
676639.jpg,10
676773.jpg,10
676774.jpg,10
677026.jpg,10
679118.jpg,10
679447.jpg,10
679464.jpg,10
679930.jpg,10
680009.jpg,10
680892.jpg,10
680995.jpg,10
681671.jpg,10
681807.jpg,10
681809.jpg,10
681968.jpg,10
681981.jpg,10
682037.jpg,10
682040.jpg,10
682584.jpg,10
684182.jpg,10
684341.jpg,10
684343.jpg,10
684552.jpg,10
684786.jpg,10
686365.jpg,10
686366.jpg,10
686395.jpg,10
686751.jpg,10
68793.jpg,10
688015.jpg,10
688630.jpg,10
689017.jpg,10
690097.jpg,10
691041.jpg,10
691185.jpg,10
691580.jpg,10
691633.jpg,10
691979.jpg,10
691982.jpg,10
69474.jpg,10
694997.jpg,10
694998.jpg,10
695000.jpg,10
695001.jpg,10
695173.jpg,10
695180.jpg,10
696080.jpg,10
696416.jpg,10
696420.jpg,10
696427.jpg,10
696430.jpg,10
696583.jpg,10
696585.jpg,10
696671.jpg,10
696673.jpg,10
696684.jpg,10
696690.jpg,10
697540.jpg,10
697662.jpg,10
697792.jpg,10
697793.jpg,10
697794.jpg,10
697795.jpg,10
697898.jpg,10
698572.jpg,10
698815.jpg,10
698816.jpg,10
699164.jpg,10
699166.jpg,10
699218.jpg,10
699228.jpg,10
699407.jpg,10
700410.jpg,10
700413.jpg,10
700418.jpg,10
700989.jpg,10
701279.jpg,10
702403.jpg,10
703108.jpg,10
703121.jpg,10
704013.jpg,10
704873.jpg,10
705800.jpg,10
705802.jpg,10
706599.jpg,10
706601.jpg,10
70699.jpg,10
707308.jpg,10
707310.jpg,10
710619.jpg,10
710624.jpg,10
711241.jpg,10
712268.jpg,10
712776.jpg,10
712837.jpg,10
712840.jpg,10
712904.jpg,10
713169.jpg,10
713372.jpg,10
713537.jpg,10
713541.jpg,10
713551.jpg,10
714818.jpg,10
715048.jpg,10
716763.jpg,10
716775.jpg,10
717108.jpg,10
717265.jpg,10
717267.jpg,10
717269.jpg,10
717434.jpg,10
717499.jpg,10
718230.jpg,10
719078.jpg,10
719083.jpg,10
719162.jpg,10
719164.jpg,10
72019.jpg,10
720762.jpg,10
720879.jpg,10
720910.jpg,10
721601.jpg,10
721603.jpg,10
72358.jpg,10
723694.jpg,10
724290.jpg,10
724294.jpg,10
724295.jpg,10
724367.jpg,10
726561.jpg,10
727252.jpg,10
727253.jpg,10
729305.jpg,10
730474.jpg,10
730487.jpg,10
730489.jpg,10
730572.jpg,10
730575.jpg,10
731479.jpg,10
731480.jpg,10
731786.jpg,10
731842.jpg,10
731848.jpg,10
732414.jpg,10
732415.jpg,10
734612.jpg,10
734617.jpg,10
736826.jpg,10
736846.jpg,10
736908.jpg,10
737576.jpg,10
738665.jpg,10
738791.jpg,10
739357.jpg,10
740018.jpg,10
74031.jpg,10
740338.jpg,10
740610.jpg,10
741198.jpg,10
741477.jpg,10
742396.jpg,10
742397.jpg,10
742548.jpg,10
742923.jpg,10
742926.jpg,10
743072.jpg,10
744131.jpg,10
744136.jpg,10
744138.jpg,10
744140.jpg,10
746597.jpg,10
746742.jpg,10
748493.jpg,10
749468.jpg,10
753455.jpg,10
753762.jpg,10
754259.jpg,10
754260.jpg,10
754733.jpg,10
755110.jpg,10
756011.jpg,10
756012.jpg,10
75762.jpg,10
757941.jpg,10
757944.jpg,10
758283.jpg,10
758459.jpg,10
758460.jpg,10
760570.jpg,10
761413.jpg,10
763257.jpg,10
764671.jpg,10
765210.jpg,10
765770.jpg,10
766388.jpg,10
766462.jpg,10
766464.jpg,10
767165.jpg,10
767167.jpg,10
768939.jpg,10
768942.jpg,10
769528.jpg,10
769710.jpg,10
769928.jpg,10
769932.jpg,10
771095.jpg,10
771420.jpg,10
771837.jpg,10
771840.jpg,10
774816.jpg,10
775638.jpg,10
777475.jpg,10
777682.jpg,10
779011.jpg,10
780595.jpg,10
780598.jpg,10
780600.jpg,10
781383.jpg,10
782609.jpg,10
782610.jpg,10
783829.jpg,10
783966.jpg,10
783968.jpg,10
784115.jpg,10
784638.jpg,10
785023.jpg,10
785526.jpg,10
786372.jpg,10
786373.jpg,10
787386.jpg,10
7873.jpg,10
790862.jpg,10
79104.jpg,10
79105.jpg,10
792365.jpg,10
792367.jpg,10
792368.jpg,10
792369.jpg,10
792370.jpg,10
792372.jpg,10
792529.jpg,10
794098.jpg,10
794099.jpg,10
794461.jpg,10
794463.jpg,10
794666.jpg,10
795171.jpg,10
795173.jpg,10
795176.jpg,10
795177.jpg,10
795343.jpg,10
795344.jpg,10
795345.jpg,10
79555.jpg,10
79557.jpg,10
798837.jpg,10
798936.jpg,10
798937.jpg,10
799494.jpg,10
799593.jpg,10
799594.jpg,10
801387.jpg,10
801416.jpg,10
801538.jpg,10
80154.jpg,10
801709.jpg,10
801716.jpg,10
802169.jpg,10
802751.jpg,10
803569.jpg,10
803576.jpg,10
804467.jpg,10
804699.jpg,10
804701.jpg,10
804882.jpg,10
805223.jpg,10
805734.jpg,10
805735.jpg,10
806195.jpg,10
806219.jpg,10
806445.jpg,10
806446.jpg,10
806447.jpg,10
807210.jpg,10
808891.jpg,10
808892.jpg,10
809387.jpg,10
810662.jpg,10
811704.jpg,10
81255.jpg,10
81265.jpg,10
813298.jpg,10
813465.jpg,10
813605.jpg,10
813792.jpg,10
813798.jpg,10
813802.jpg,10
814009.jpg,10
814010.jpg,10
814011.jpg,10
815170.jpg,10
815172.jpg,10
815709.jpg,10
815868.jpg,10
816187.jpg,10
816190.jpg,10
817403.jpg,10
817404.jpg,10
81793.jpg,10
821805.jpg,10
824957.jpg,10
825946.jpg,10
825948.jpg,10
825949.jpg,10
826774.jpg,10
826776.jpg,10
827387.jpg,10
827639.jpg,10
829325.jpg,10
829326.jpg,10
829327.jpg,10
829760.jpg,10
829764.jpg,10
831459.jpg,10
831462.jpg,10
832206.jpg,10
832225.jpg,10
832716.jpg,10
832719.jpg,10
832720.jpg,10
832751.jpg,10
832752.jpg,10
832754.jpg,10
833369.jpg,10
835762.jpg,10
836085.jpg,10
836088.jpg,10
836371.jpg,10
836373.jpg,10
836605.jpg,10
836608.jpg,10
837761.jpg,10
838881.jpg,10
838884.jpg,10
838887.jpg,10
840531.jpg,10
840967.jpg,10
840968.jpg,10
842530.jpg,10
842532.jpg,10
843906.jpg,10
843908.jpg,10
846831.jpg,10
846832.jpg,10
847286.jpg,10
847468.jpg,10
847469.jpg,10
847470.jpg,10
847471.jpg,10
847950.jpg,10
848059.jpg,10
848950.jpg,10
848954.jpg,10
849599.jpg,10
850206.jpg,10
850466.jpg,10
850816.jpg,10
850819.jpg,10
850888.jpg,10
851099.jpg,10
851179.jpg,10
851274.jpg,10
851551.jpg,10
853000.jpg,10
853639.jpg,10
854436.jpg,10
854716.jpg,10
854720.jpg,10
854722.jpg,10
854725.jpg,10
857825.jpg,10
858109.jpg,10
859753.jpg,10
861722.jpg,10
861724.jpg,10
861726.jpg,10
862124.jpg,10
863316.jpg,10
863680.jpg,10
863960.jpg,10
865305.jpg,10
865306.jpg,10
865308.jpg,10
865310.jpg,10
865316.jpg,10
865715.jpg,10
865717.jpg,10
865718.jpg,10
866093.jpg,10
866095.jpg,10
867698.jpg,10
869504.jpg,10
870618.jpg,10
871462.jpg,10
871513.jpg,10
871514.jpg,10
871617.jpg,10
871692.jpg,10
871693.jpg,10
871988.jpg,10
871990.jpg,10
872092.jpg,10
872097.jpg,10
872104.jpg,10
872106.jpg,10
873328.jpg,10
873330.jpg,10
873331.jpg,10
873334.jpg,10
873336.jpg,10
874640.jpg,10
875857.jpg,10
875858.jpg,10
875859.jpg,10
875860.jpg,10
875927.jpg,10
876270.jpg,10
877327.jpg,10
877483.jpg,10
877484.jpg,10
877684.jpg,10
878852.jpg,10
878853.jpg,10
878854.jpg,10
878855.jpg,10
879275.jpg,10
879277.jpg,10
879576.jpg,10
879578.jpg,10
879579.jpg,10
879863.jpg,10
881618.jpg,10
881868.jpg,10
882277.jpg,10
882561.jpg,10
882846.jpg,10
883073.jpg,10
884578.jpg,10
884580.jpg,10
884932.jpg,10
884933.jpg,10
885738.jpg,10
886270.jpg,10
887051.jpg,10
887052.jpg,10
887540.jpg,10
887550.jpg,10
888812.jpg,10
888813.jpg,10
890026.jpg,10
890041.jpg,10
890042.jpg,10
890397.jpg,10
890398.jpg,10
892091.jpg,10
892450.jpg,10
892451.jpg,10
893431.jpg,10
894927.jpg,10
895121.jpg,10
895122.jpg,10
895123.jpg,10
895124.jpg,10
895125.jpg,10
895126.jpg,10
897785.jpg,10
898818.jpg,10
898820.jpg,10
898821.jpg,10
899424.jpg,10
899425.jpg,10
900189.jpg,10
900190.jpg,10
900191.jpg,10
900192.jpg,10
900193.jpg,10
900246.jpg,10
900250.jpg,10
900254.jpg,10
900736.jpg,10
900740.jpg,10
900884.jpg,10
901178.jpg,10
904513.jpg,10
904758.jpg,10
904945.jpg,10
906871.jpg,10
907587.jpg,10
907589.jpg,10
909678.jpg,10
910464.jpg,10
910920.jpg,10
910959.jpg,10
910965.jpg,10
910968.jpg,10
911004.jpg,10
911648.jpg,10
912175.jpg,10
912178.jpg,10
912307.jpg,10
912309.jpg,10
912999.jpg,10
913000.jpg,10
913217.jpg,10
914530.jpg,10
922076.jpg,10
922889.jpg,10
922893.jpg,10
922965.jpg,10
922968.jpg,10
924245.jpg,10
924246.jpg,10
925055.jpg,10
925057.jpg,10
928056.jpg,10
929390.jpg,10
929391.jpg,10
930288.jpg,10
930647.jpg,10
931402.jpg,10
931407.jpg,10
933120.jpg,10
934541.jpg,10
935671.jpg,10
936024.jpg,10
936025.jpg,10
936408.jpg,10
936431.jpg,10
936432.jpg,10
936874.jpg,10
936877.jpg,10
937501.jpg,10
937944.jpg,10
937956.jpg,10
938194.jpg,10
939097.jpg,10
940932.jpg,10
942615.jpg,10
942619.jpg,10
942622.jpg,10
943806.jpg,10
944195.jpg,10
944878.jpg,10
944879.jpg,10
945492.jpg,10
945552.jpg,10
945555.jpg,10
945666.jpg,10
945668.jpg,10
945679.jpg,10
946689.jpg,10
948133.jpg,10
948642.jpg,10
949276.jpg,10
950314.jpg,10
950315.jpg,10
952183.jpg,10
952184.jpg,10
953070.jpg,10
953077.jpg,10
954938.jpg,10
955468.jpg,10
955993.jpg,10
956790.jpg,10
956801.jpg,10
956806.jpg,10
957395.jpg,10
957396.jpg,10
957397.jpg,10
957398.jpg,10
957510.jpg,10
957513.jpg,10
958865.jpg,10
959561.jpg,10
960080.jpg,10
960083.jpg,10
960700.jpg,10
960912.jpg,10
960913.jpg,10
960915.jpg,10
960916.jpg,10
960917.jpg,10
963020.jpg,10
968023.jpg,10
968460.jpg,10
969393.jpg,10
969830.jpg,10
969831.jpg,10
969833.jpg,10
970932.jpg,10
971211.jpg,10
971212.jpg,10
971352.jpg,10
975570.jpg,10
979080.jpg,10
979677.jpg,10
979680.jpg,10
980368.jpg,10
980371.jpg,10
981482.jpg,10
981483.jpg,10
981484.jpg,10
981658.jpg,10
981659.jpg,10
982508.jpg,10
983926.jpg,10
985149.jpg,10
985152.jpg,10
986510.jpg,10
986513.jpg,10
986572.jpg,10
987062.jpg,10
988199.jpg,10
988200.jpg,10
988204.jpg,10
988482.jpg,10
988483.jpg,10
988484.jpg,10
988486.jpg,10
988487.jpg,10
989839.jpg,10
989842.jpg,10
990077.jpg,10
990079.jpg,10
991249.jpg,10
991251.jpg,10
991253.jpg,10
991575.jpg,10
991577.jpg,10
991646.jpg,10
991648.jpg,10
991706.jpg,10
991709.jpg,10
992035.jpg,10
995717.jpg,10
996119.jpg,10
997206.jpg,10
999456.jpg,10
999464.jpg,10
